Date,Name,Year,Letterboxd URI
2018-01-08,Baby Driver,2017,https://boxd.it/bhF2
2018-01-08,Blade Runner 2049,2017,https://boxd.it/b8wK
2018-01-08,The Killing of a Sacred Deer,2017,https://boxd.it/dZ5G
2018-01-08,mother!,2017,https://boxd.it/dgRU
2018-01-08,Sidewalls,2011,https://boxd.it/2EiM
2018-01-08,127 Hours,2010,https://boxd.it/SLa
2018-01-08,The Interview,2014,https://boxd.it/6KQ4
2018-01-08,Star Wars: The Last Jedi,2017,https://boxd.it/5xme
2018-01-08,That's It,2008,https://boxd.it/1cao
2018-01-08,Eu Não Faço a Menor Ideia do Que Eu Tô Fazendo com a Minha Vida,2013,https://boxd.it/6JBM
2018-01-08,The Breakfast Club,1985,https://boxd.it/27q4
2018-01-08,Before Sunset,2004,https://boxd.it/2bcg
2018-01-08,Before Midnight,2013,https://boxd.it/4ive
2018-01-08,Closer,2004,https://boxd.it/270K
2018-01-08,Pulp Fiction,1994,https://boxd.it/29Pq
2018-01-08,Eternal Sunshine of the Spotless Mind,2004,https://boxd.it/6YK
2018-01-08,Melancholia,2011,https://boxd.it/bPI
2018-01-08,The Wave,2008,https://boxd.it/20OS
2018-01-08,Vanilla Sky,2001,https://boxd.it/27TK
2018-01-08,Nymphomaniac: Vol. I,2013,https://boxd.it/7DiG
2018-01-08,Nymphomaniac: Vol. II,2013,https://boxd.it/7j9Y
2018-01-08,Before Sunrise,1995,https://boxd.it/2bcU
2018-01-08,Elizabethtown,2005,https://boxd.it/1Ydq
2018-01-08,Pride & Prejudice,2005,https://boxd.it/24u8
2018-01-08,The Beautiful Person,2008,https://boxd.it/152W
2018-01-08,Adam,2009,https://boxd.it/1B7Y
2018-01-08,The Perks of Being a Wallflower,2012,https://boxd.it/2ZA8
2018-01-08,Silver Linings Playbook,2012,https://boxd.it/2TTo
2018-01-08,(500) Days of Summer,2009,https://boxd.it/1EmM
2018-01-08,The Boy in the Striped Pyjamas,2008,https://boxd.it/1NOK
2018-01-08,Blue Valentine,2010,https://boxd.it/MxG
2018-01-08,50/50,2011,https://boxd.it/10Tw
2018-01-08,Love & Other Drugs,2010,https://boxd.it/UIi
2018-01-08,My King,2015,https://boxd.it/aNq2
2018-01-08,The Ugly Truth,2009,https://boxd.it/1CFi
2018-01-08,Inglourious Basterds,2009,https://boxd.it/1JzG
2018-01-08,Ruby Sparks,2012,https://boxd.it/3w9O
2018-01-08,Seeking a Friend for the End of the World,2012,https://boxd.it/376g
2018-01-08,Magic in the Moonlight,2014,https://boxd.it/6Lko
2018-01-08,Little Tailor,2010,https://boxd.it/4OMQ
2018-01-08,The Lobster,2015,https://boxd.it/7tnw
2018-01-08,Marie Antoinette,2006,https://boxd.it/27Wa
2018-01-08,The Virgin Suicides,1999,https://boxd.it/28JG
2018-01-08,Annie Hall,1977,https://boxd.it/29M2
2018-01-08,Comet,2014,https://boxd.it/8r08
2018-01-08,Manhattan,1979,https://boxd.it/29Na
2018-01-08,Blue Jasmine,2013,https://boxd.it/50MI
2018-01-08,Match Point,2005,https://boxd.it/2b6s
2018-01-08,Vicky Cristina Barcelona,2008,https://boxd.it/23rW
2018-01-08,Café Society,2016,https://boxd.it/bhEy
2018-01-08,Midnight in Paris,2011,https://boxd.it/i4a
2018-01-08,Conversations with Other Women,2005,https://boxd.it/1LQO
2018-02-26,Icarus,2017,https://boxd.it/fmje
2018-02-26,Lady Bird,2017,https://boxd.it/dGNE
2018-02-26,"Three Billboards Outside Ebbing, Missouri",2017,https://boxd.it/ceBS
2018-02-26,The Shape of Water,2017,https://boxd.it/dZ5m
2018-02-26,Black Panther,2018,https://boxd.it/8MHs
2018-02-26,Phantom Thread,2017,https://boxd.it/e4uc
2018-02-26,Cooties,2014,https://boxd.it/76Ry
2018-02-26,Scott Pilgrim vs. the World,2010,https://boxd.it/1Aq6
2018-02-26,Juno,2007,https://boxd.it/210a
2018-02-26,This Is the End,2013,https://boxd.it/3GB4
2018-02-26,Confessions of a Teenage Drama Queen,2004,https://boxd.it/1UyE
2018-02-26,Freaky Friday,2003,https://boxd.it/1WwK
2018-02-26,Mean Girls,2004,https://boxd.it/1VNg
2018-02-26,Herbie Fully Loaded,2005,https://boxd.it/1TP0
2018-02-26,Just My Luck,2006,https://boxd.it/1XgS
2018-02-26,Captain America: Civil War,2016,https://boxd.it/89Ja
2018-02-26,Garden Party,2017,https://boxd.it/h7bS
2018-02-26,Negative Space,2017,https://boxd.it/guxK
2018-02-26,Dear Basketball,2017,https://boxd.it/hnoI
2018-02-26,Whatever Works,2009,https://boxd.it/1FoE
2018-02-26,Deconstructing Harry,1997,https://boxd.it/26xe
2018-02-26,Love and Death,1975,https://boxd.it/1TeS
2018-02-26,Anything Else,2003,https://boxd.it/1Vw0
2018-02-26,You Will Meet a Tall Dark Stranger,2010,https://boxd.it/16W2
2018-02-26,Spotlight,2015,https://boxd.it/a84k
2018-02-26,Doctor Strange,2016,https://boxd.it/8MH8
2018-02-26,About Time,2013,https://boxd.it/43bI
2018-02-26,The Notebook,2004,https://boxd.it/1UNE
2018-02-26,Everything You Always Wanted to Know About Sex *But Were Afraid to Ask,1972,https://boxd.it/1Toy
2018-02-26,The Ring,2002,https://boxd.it/2a70
2018-02-26,Funny Games,2007,https://boxd.it/207a
2018-02-26,The Visit,2015,https://boxd.it/9ssO
2018-02-26,La La Land,2016,https://boxd.it/a5fa
2018-02-26,Lars and the Real Girl,2007,https://boxd.it/21tG
2018-02-26,Split,2016,https://boxd.it/dgSy
2018-02-26,The Holiday,2006,https://boxd.it/28ye
2018-02-26,Never Been Kissed,1999,https://boxd.it/1U3c
2018-02-26,Your Highness,2011,https://boxd.it/16g6
2018-02-26,13 Going on 30,2004,https://boxd.it/1X6e
2018-02-26,Valentine's Day,2010,https://boxd.it/1gui
2018-02-26,Ghosts of Girlfriends Past,2009,https://boxd.it/1RIm
2018-02-26,The Babysitter,2017,https://boxd.it/eP1w
2018-02-26,Molly's Game,2017,https://boxd.it/dSl8
2018-02-26,Fight Club,1999,https://boxd.it/2a9q
2019-01-21,A Quiet Place,2018,https://boxd.it/fVJQ
2019-01-21,Spider-Man: Into the Spider-Verse,2018,https://boxd.it/azpY
2019-01-21,The Princess Diaries 2: Royal Engagement,2004,https://boxd.it/1UyY
2019-01-21,The Princess Diaries,2001,https://boxd.it/1XCO
2019-01-21,The Devil Wears Prada,2006,https://boxd.it/2awE
2019-01-21,Spirited Away,2001,https://boxd.it/2b4m
2019-01-21,The Silence of the Lambs,1991,https://boxd.it/2aHW
2019-01-21,City of God,2002,https://boxd.it/2a2a
2019-01-21,The Shining,1980,https://boxd.it/29Nu
2019-01-21,Princess Mononoke,1997,https://boxd.it/2b4w
2019-01-21,Grave of the Fireflies,1988,https://boxd.it/1RUM
2019-01-21,The Lord of the Rings: The Fellowship of the Ring,2001,https://boxd.it/2b5O
2019-01-21,Casablanca,1942,https://boxd.it/2aG0
2019-01-21,The Handmaiden,2016,https://boxd.it/948A
2019-01-21,Toy Story,1995,https://boxd.it/29qA
2019-01-21,My Neighbor Totoro,1988,https://boxd.it/20eA
2019-01-21,Call Me by Your Name,2017,https://boxd.it/dYmm
2019-01-21,A Clockwork Orange,1971,https://boxd.it/2aVE
2019-01-21,Your Name.,2016,https://boxd.it/cUqs
2019-01-21,Inception,2010,https://boxd.it/1skk
2019-01-21,Léon: The Professional,1994,https://boxd.it/2b8S
2019-01-21,Get Out,2017,https://boxd.it/eOCm
2019-01-21,The 400 Blows,1959,https://boxd.it/2b1C
2019-01-21,Pierrot le Fou,1965,https://boxd.it/26j2
2019-01-21,A Woman Is a Woman,1961,https://boxd.it/1iUC
2019-01-21,The Happening,2008,https://boxd.it/200o
2019-01-21,Bridge to Terabithia,2007,https://boxd.it/28YG
2019-01-21,The Hitchhiker's Guide to the Galaxy,2005,https://boxd.it/20VE
2019-01-21,Yes Man,2008,https://boxd.it/1WPW
2019-01-21,Gigantic,2008,https://boxd.it/1N4C
2019-01-21,The Dark Knight Rises,2012,https://boxd.it/H3m
2019-01-21,10 Things I Hate About You,1999,https://boxd.it/23AO
2019-01-21,Looper,2012,https://boxd.it/ham
2020-04-24,Parasite,2019,https://boxd.it/hTha
2020-04-24,Knives Out,2019,https://boxd.it/jWEA
2020-04-24,Joker,2019,https://boxd.it/h4cS
2020-04-24,Little Women,2019,https://boxd.it/aSVk
2020-04-24,Once Upon a Time… in Hollywood,2019,https://boxd.it/gH0O
2020-04-24,Jojo Rabbit,2019,https://boxd.it/iEBG
2020-04-24,The Social Network,2010,https://boxd.it/17ue
2020-04-24,"Tiger King: Murder, Mayhem and Madness",2020,https://boxd.it/pzj2
2020-04-24,1917,2019,https://boxd.it/jj4y
2020-04-24,Avengers: Infinity War,2018,https://boxd.it/9vEe
2020-04-24,Mad Max: Fury Road,2015,https://boxd.it/2DjO
2020-04-24,Star Wars: The Force Awakens,2015,https://boxd.it/4vru
2020-04-24,Guardians of the Galaxy,2014,https://boxd.it/3VH2
2020-04-24,Arrival,2016,https://boxd.it/aNGk
2020-04-24,Her,2013,https://boxd.it/4O24
2020-04-24,Gone Girl,2014,https://boxd.it/6hQu
2020-04-24,Marriage Story,2019,https://boxd.it/hJAw
2020-04-24,Thor: Ragnarok,2017,https://boxd.it/8MHi
2020-04-24,The Favourite,2018,https://boxd.it/d2hI
2020-04-24,The Avengers,2012,https://boxd.it/1xFW
2020-04-24,Spider-Man: Homecoming,2017,https://boxd.it/aboM
2020-04-24,Deadpool,2016,https://boxd.it/9fOC
2020-04-24,Inside Out,2015,https://boxd.it/4KHC
2020-04-24,Guardians of the Galaxy Vol. 2,2017,https://boxd.it/8MxC
2020-04-24,Logan,2017,https://boxd.it/7Piy
2020-04-24,It,2017,https://boxd.it/bC8e
2020-04-24,Rogue One: A Star Wars Story,2016,https://boxd.it/aPvy
2020-04-24,Captain Marvel,2019,https://boxd.it/9vSA
2020-04-24,Star Wars: The Rise of Skywalker,2019,https://boxd.it/5xlK
2020-04-24,Spider-Man: Far from Home,2019,https://boxd.it/fegG
2020-04-24,BlacKkKlansman,2018,https://boxd.it/hxL8
2020-04-24,Black Swan,2010,https://boxd.it/Sw0
2020-04-24,Captain America: The Winter Soldier,2014,https://boxd.it/3r58
2020-04-24,Wonder Woman,2017,https://boxd.it/9roG
2020-04-24,Annihilation,2018,https://boxd.it/9yzm
2020-04-24,The Martian,2015,https://boxd.it/8SeG
2020-04-24,Booksmart,2019,https://boxd.it/igNS
2020-04-24,Avengers: Age of Ultron,2015,https://boxd.it/3qi6
2020-04-24,Deadpool 2,2018,https://boxd.it/dlLM
2020-04-24,Room,2015,https://boxd.it/7T0y
2020-04-24,Ant-Man,2015,https://boxd.it/3vmW
2020-04-24,Moonrise Kingdom,2012,https://boxd.it/2Wng
2020-04-24,Shutter Island,2010,https://boxd.it/1U82
2020-04-24,Gravity,2013,https://boxd.it/GZY
2020-04-24,Boyhood,2014,https://boxd.it/3178
2020-04-24,Suicide Squad,2016,https://boxd.it/9row
2020-04-24,Captain America: The First Avenger,2011,https://boxd.it/28b0
2020-04-24,Kingsman: The Secret Service,2014,https://boxd.it/6dxe
2020-04-24,Iron Man 3,2013,https://boxd.it/2cBQ
2020-04-24,Manchester by the Sea,2016,https://boxd.it/b2L0
2020-04-24,It Chapter Two,2019,https://boxd.it/h10u
2020-04-24,Green Book,2018,https://boxd.it/hErk
2020-04-24,Big Hero 6,2014,https://boxd.it/5rje
2020-04-24,Chinese Take-Away,2011,https://boxd.it/2eGy
2020-04-24,The Two Popes,2019,https://boxd.it/k8Xk
2020-04-24,Isle of Flowers,1989,https://boxd.it/POU
2020-04-24,Frances Ha,2012,https://boxd.it/41Xg
2020-04-24,Confessions of a Brazilian Call Girl,2011,https://boxd.it/kQ6
2020-04-24,Bacurau,2019,https://boxd.it/fSUG
2020-04-24,Elite Squad,2007,https://boxd.it/20YI
2020-04-24,Elite Squad: The Enemy Within,2010,https://boxd.it/Jx4
2020-04-24,VIPs,2011,https://boxd.it/2sXe
2020-04-24,JK,2006,https://boxd.it/AdW4
2020-04-26,"Crazy, Stupid, Love.",2011,https://boxd.it/D9A
2020-04-26,Two Night Stand,2014,https://boxd.it/8T3E
2020-05-06,Extraction,2020,https://boxd.it/jUjA
2020-05-06,Sergio,2020,https://boxd.it/oiQ2
2020-05-06,The Man from the Future,2011,https://boxd.it/2vkO
2020-05-14,Kapoor & Sons,2016,https://boxd.it/cZDm
2020-06-22,Ne Zha,2019,https://boxd.it/mKSm
2020-06-26,Crazy Rich Asians,2018,https://boxd.it/gfnK
2020-06-26,Snakes on a Plane,2006,https://boxd.it/2aAw
2020-06-26,Matilda,1996,https://boxd.it/1VhY
2020-06-30,A Whisker Away,2020,https://boxd.it/oQEa
2020-07-11,One Child Nation,2019,https://boxd.it/kL0Q
2020-07-11,Whisper of the Heart,1995,https://boxd.it/17uy
2020-07-21,Running Out of Time,1999,https://boxd.it/26Gq
2020-07-21,Dying to Survive,2018,https://boxd.it/jnEA
2020-07-21,The Dilemma,2011,https://boxd.it/RE8
2020-08-06,A Better Tomorrow,1986,https://boxd.it/1TLW
2020-12-15,Freaky,2020,https://boxd.it/ka42
2020-12-15,Little Women,2017,https://boxd.it/hQd0
2020-12-15,Mulan,2020,https://boxd.it/bbK6
2020-12-15,Chungking Express,1994,https://boxd.it/1UDa
2020-12-15,In the Mood for Love,2000,https://boxd.it/29tE
2020-12-15,Just Another Christmas,2020,https://boxd.it/slKa
2020-12-21,Sound of Metal,2019,https://boxd.it/i7Q4
2020-12-21,Kalashnikov AK-47,2020,https://boxd.it/lO9I
2020-12-23,Aquamarine,2006,https://boxd.it/1OAE
2020-12-24,Lost in Translation,2003,https://boxd.it/2b0E
2020-12-28,Wonder Woman 1984,2020,https://boxd.it/gBtA
2020-12-30,Minari,2020,https://boxd.it/mL9M
2020-12-30,Soul,2020,https://boxd.it/ioLA
2020-12-31,Nomadland,2020,https://boxd.it/lnRy
2021-01-01,The Croods: A New Age,2020,https://boxd.it/jeHK
2021-01-02,Death to 2020,2020,https://boxd.it/t4EQ
2021-01-03,Another Round,2020,https://boxd.it/lkba
2021-01-04,Promising Young Woman,2020,https://boxd.it/loRE
2021-01-04,"My People, My Homeland",2020,https://boxd.it/rzdW
2021-01-07,Central Station,1998,https://boxd.it/29RG
2021-01-08,Bath Buddy,2020,https://boxd.it/svyy
2021-01-20,Shoplifters,2018,https://boxd.it/ifY6
2021-01-26,Fallen Angels,1995,https://boxd.it/1UkW
2021-02-11,Happy Together,1997,https://boxd.it/1Ha0
2021-02-14,To All the Boys: Always and Forever,2021,https://boxd.it/mI1A
2021-02-14,To All the Boys: P.S. I Still Love You,2020,https://boxd.it/kJny
2021-02-14,To All the Boys I've Loved Before,2018,https://boxd.it/gHec
2021-02-20,The Bling Ring,2013,https://boxd.it/3lPY
2021-02-25,Palm Springs,2020,https://boxd.it/lCXQ
2021-03-01,I Care a Lot,2020,https://boxd.it/mcHk
2021-03-07,My Blueberry Nights,2007,https://boxd.it/27H0
2021-03-09,Us,2019,https://boxd.it/gnV6
2021-03-11,[REC],2007,https://boxd.it/20ma
2021-03-15,Train to Busan,2016,https://boxd.it/dSQU
2021-03-22,Borat Subsequent Moviefilm,2020,https://boxd.it/rNS0
2021-03-22,Mamma Mia! Here We Go Again,2018,https://boxd.it/gnfO
2021-03-22,Okja,2017,https://boxd.it/dvXe
2021-03-22,Nocturnal Animals,2016,https://boxd.it/bkFu
2021-03-22,Elle,2016,https://boxd.it/bdhq
2021-03-22,The Revenant,2015,https://boxd.it/8H5e
2021-03-22,Suffragette,2015,https://boxd.it/7cxY
2021-03-22,Interstellar,2014,https://boxd.it/4VZ8
2021-03-22,Chocolat,2016,https://boxd.it/cOXA
2021-03-22,Florida,2015,https://boxd.it/bjXW
2021-03-22,The New Kid,2015,https://boxd.it/c8FO
2021-03-22,The Innocents,2016,https://boxd.it/cBcQ
2021-03-22,Goodnight Mommy,2014,https://boxd.it/8Niy
2021-03-22,The Graduate,1967,https://boxd.it/18Im
2021-03-22,Good Bye Lenin!,2003,https://boxd.it/2ayA
2021-03-22,Love Is in the Air,2013,https://boxd.it/5czm
2021-03-27,Midsommar,2019,https://boxd.it/jhxe
2021-04-03,The Father,2020,https://boxd.it/m8Ie
2021-04-03,The Nanny Diaries,2007,https://boxd.it/1RZM
2021-04-17,The White Tiger,2021,https://boxd.it/nhg6
2021-04-18,Radioactive,2019,https://boxd.it/hhpU
2021-04-18,Catch Me If You Can,2002,https://boxd.it/29VS
2021-04-20,Two Distant Strangers,2020,https://boxd.it/tBu0
2021-04-22,"Quo Vadis, Aida?",2020,https://boxd.it/riws
2021-04-24,Love and Monsters,2020,https://boxd.it/lJ6E
2021-04-26,Stowaway,2021,https://boxd.it/ktMM
2021-05-04,A Taxi Driver,2017,https://boxd.it/fwac
2021-05-08,The Wolf of Wall Street,2013,https://boxd.it/3C1m
2021-05-08,"Hi, Mom",2021,https://boxd.it/svxU
2021-05-21,The Woman in the Window,2021,https://boxd.it/iT56
2021-05-27,Marighella,2019,https://boxd.it/i3RC
2021-05-27,Oldboy,2003,https://boxd.it/29R2
2021-05-31,Assassination Nation,2018,https://boxd.it/fSIq
2021-06-23,The Invitation,2015,https://boxd.it/9OUU
2021-06-23,The Purge,2013,https://boxd.it/4Xg0
2021-06-23,Emma.,2020,https://boxd.it/kmg0
2021-06-27,A Quiet Place Part II,2020,https://boxd.it/iTx0
2021-06-28,The Man Who Sold His Skin,2020,https://boxd.it/oV9c
2021-07-03,The Stanford Prison Experiment,2015,https://boxd.it/9QQK
2021-08-22,Out of My League,2020,https://boxd.it/oIK0
2021-08-22,The Kissing Booth 3,2021,https://boxd.it/rhOA
2021-09-08,He's All That,2021,https://boxd.it/bFbA
2021-09-08,Não Toque Em Meu Companheiro,2020,https://boxd.it/pcci
2021-09-08,You Should Have Left,2020,https://boxd.it/iDBA
2021-09-08,Fear Street: 1994,2021,https://boxd.it/lLBk
2021-09-08,Fear Street: 1978,2021,https://boxd.it/lLBu
2021-09-21,Old,2021,https://boxd.it/npKI
2021-10-04,Cry Macho,2021,https://boxd.it/s9z0
2021-10-06,Squid Game,2021,https://boxd.it/x1OG
2021-11-27,7 Prisoners,2021,https://boxd.it/txOU
2021-12-29,Don't Look Up,2021,https://boxd.it/o0Hc
2021-12-29,Spider-Man: No Way Home,2021,https://boxd.it/nwRw
2022-01-16,The Worst Person in the World,2021,https://boxd.it/oyws
2022-01-17,The Power of the Dog,2021,https://boxd.it/m99E
2022-02-01,Unremember,2018,https://boxd.it/jDJm
2022-03-03,The Hand of God,2021,https://boxd.it/r5uI
2022-04-04,The Weekend Away,2022,https://boxd.it/vHXw
2022-04-17,Searching,2018,https://boxd.it/hDPg
2022-04-18,Don't Breathe 2,2021,https://boxd.it/hla0
2022-04-18,Choose or Die,2022,https://boxd.it/vDag
2022-04-19,Forever Out of My League,2021,https://boxd.it/tJPA
2022-04-24,The Intruder,2019,https://boxd.it/j2u0
2022-04-27,Red Eye,2005,https://boxd.it/1TNy
2022-04-28,Bandits,2001,https://boxd.it/25Aw
2022-05-03,The Forgotten Battle,2020,https://boxd.it/nuG2
2022-05-11,Executive Order,2020,https://boxd.it/mHQC
2022-05-20,Business Proposal,2022,https://boxd.it/AcA2
2022-05-30,Senior Year,2022,https://boxd.it/u8C2
2022-05-30,Everything Everywhere All at Once,2022,https://boxd.it/jUk4
2022-06-15,Jurassic World Dominion,2022,https://boxd.it/ikXW
2022-06-15,Hustle,2022,https://boxd.it/qpig
2022-06-15,Metal Lords,2022,https://boxd.it/rLTA
2022-06-17,The Truman Show,1998,https://boxd.it/18U8
2022-06-21,Love and Leashes,2022,https://boxd.it/szB2
2022-07-10,The Life of David Gale,2003,https://boxd.it/1Tq0
2022-07-12,Crimes of the Future,2022,https://boxd.it/uTuY
2022-07-19,The Black Phone,2021,https://boxd.it/sqFE
2022-07-24,Persuasion,2022,https://boxd.it/uVFY
2022-07-25,The Gray Man,2022,https://boxd.it/rb7q
2022-08-08,Thirteen Lives,2022,https://boxd.it/q7O4
2022-08-15,Prey,2022,https://boxd.it/sNBU
2022-08-16,Drive My Car,2021,https://boxd.it/sv94
2022-08-25,Look Both Ways,2022,https://boxd.it/ujzI
2022-08-29,Nope,2022,https://boxd.it/sDCe
2022-08-29,Candyman,2021,https://boxd.it/kHFg
2022-09-10,Top Gun: Maverick,2022,https://boxd.it/cjr4
2022-09-10,I Came By,2022,https://boxd.it/wbVg
2022-09-19,Do Revenge,2022,https://boxd.it/sFiA
2022-11-12,The Good Nurse,2022,https://boxd.it/jIXI
2022-11-12,Falling for Christmas,2022,https://boxd.it/vpEG
2022-11-20,Don't Worry Darling,2022,https://boxd.it/mViu
2022-12-08,Leap Year,2010,https://boxd.it/1wdC
2022-12-12,Disenchanted,2022,https://boxd.it/bg9E
2023-01-10,Glass Onion,2022,https://boxd.it/oCkK
2023-01-15,White Noise,2022,https://boxd.it/rXgK
2023-01-15,Good on Paper,2021,https://boxd.it/v1PU
2023-01-21,My Name Ain't Johnny,2008,https://boxd.it/1IMu
2023-01-22,The Menu,2022,https://boxd.it/lScm
2023-01-26,All Quiet on the Western Front,2022,https://boxd.it/H08
2023-01-26,The Guilty,2021,https://boxd.it/kOPW
2023-02-03,Mars One,2022,https://boxd.it/yoPa
2023-02-05,Pearl,2022,https://boxd.it/zPbe
2023-02-13,The Piano Teacher,2001,https://boxd.it/2886
2023-02-20,X,2022,https://boxd.it/sxVa
2023-02-24,The Whale,2022,https://boxd.it/tw4c
2023-02-26,Ant-Man and the Wasp: Quantumania,2023,https://boxd.it/nL2y
2023-03-05,Triangle of Sadness,2022,https://boxd.it/hXlq
2023-03-08,The Flying Sailor,2022,https://boxd.it/rSdw
2023-03-08,An Ostrich Told Me the World Is Fake and I Think I Believe It,2022,https://boxd.it/zBoo
2023-03-09,My Year of Dicks,2022,https://boxd.it/AF9k
2023-03-09,Ice Merchants,2022,https://boxd.it/Arx8
2023-03-09,The Neighbors' Window,2019,https://boxd.it/m92e
2023-03-16,Scream,1996,https://boxd.it/24EC
2023-03-17,Scream 2,1997,https://boxd.it/24Es
2023-03-18,Scream 3,2000,https://boxd.it/24Ei
2023-05-07,Guardians of the Galaxy Vol. 3,2023,https://boxd.it/fVNI
2023-06-24,Black Mirror: Joan Is Awful,2023,https://boxd.it/GWmi
2023-06-24,Black Mirror: Beyond the Sea,2023,https://boxd.it/H7QI
2023-06-24,Black Mirror: Loch Henry,2023,https://boxd.it/H7Pg
2023-06-24,Black Mirror: Demon 79,2023,https://boxd.it/H7Rc
2023-06-24,Black Mirror: Mazey Day,2023,https://boxd.it/H7QS
2023-07-26,Oppenheimer,2023,https://boxd.it/wUow
2023-07-27,Barbie,2023,https://boxd.it/bCLK
2023-07-30,Arnold,2023,https://boxd.it/Gylq
2023-08-07,12 Angry Men,1957,https://boxd.it/2auI
2023-08-14,I'm Your Man,2021,https://boxd.it/tWcG
2023-08-14,Licorice Pizza,2021,https://boxd.it/qTKY
2023-08-20,Shiva Baby,2020,https://boxd.it/oIv0
2023-08-28,You Are So Not Invited to My Bat Mitzvah,2023,https://boxd.it/BMeI
2023-08-31,Secretary,2002,https://boxd.it/1URc
2023-09-03,The Hunt,2012,https://boxd.it/3wEC
2023-09-06,Scream 4,2011,https://boxd.it/Zmc
2023-09-06,Scream,2022,https://boxd.it/o0lg
2023-09-12,Aftersun,2022,https://boxd.it/Arw0
